experiment,seed,Val AUC,AUC,pAUC80,Чувствительность,Специфичность,Balanced acc.,Доля направлений,params_m,latency_ms,train_seconds
pad_effb0,0,0.8049999999999999,0.8952663529090785,0.13057772321124067,0.9753086419753086,0.4088397790055249,0.6920742104904167,0.7725947521865889,4.008829,24.35,212.7
pad_effb0,1,0.8905847239180572,0.9235433604336043,0.14747967479674792,0.9390243902439024,0.7388888888888889,0.8389566395663957,0.5843023255813954,4.008829,25.02,678.1
pad_effb0,2,0.9437803448853173,0.9039877300613497,0.13767552828902518,0.901840490797546,0.75,0.8259202453987731,0.5597667638483965,4.008829,20.48,849.1
pad_effb0_isic,0,0.8336805555555555,0.9111588568310484,0.14476161244117042,0.9691358024691358,0.5469613259668509,0.7580485642179933,0.6967930029154519,4.008829,24.15,216.1
pad_effb0_isic,1,0.9021503188169854,0.9180555555555555,0.14672764227642274,0.926829268292683,0.7222222222222222,0.8245257452574526,0.5872093023255814,4.008829,21.74,683.5
pad_effb0_isic,2,0.9464925498074669,0.9020790729379686,0.131854124062713,0.8957055214723927,0.7388888888888889,0.8172972051806409,0.5626822157434402,4.008829,22.35,458.2
pad_mm_effb0,0,0.9454166666666667,0.96760111861401,0.18014460132323845,0.9506172839506173,0.9116022099447514,0.9311097469476843,0.4956268221574344,4.358397,24.14,213.7
pad_mm_effb0,1,0.9684235517568851,0.9772357723577236,0.1861924119241192,0.9695121951219512,0.8833333333333333,0.9264227642276422,0.5232558139534884,4.358397,24.16,577.9
pad_mm_effb0,2,0.9904570567553993,0.9658145875937287,0.1800749829584185,0.8098159509202454,0.9388888888888889,0.8743524199045671,0.41690962099125367,4.358397,24.72,445.3
pad_mm_effb0_isic,0,0.9404166666666668,0.9660323306732146,0.17459927699338376,0.9506172839506173,0.8453038674033149,0.8979605756769661,0.5306122448979592,4.358397,23.72,215.2
pad_mm_effb0_isic,1,0.9625898792565459,0.9706300813008131,0.18138888888888882,0.9451219512195121,0.8944444444444445,0.9197831978319784,0.5058139534883721,4.358397,23.75,468.0
pad_mm_effb0_isic,2,0.986874267537251,0.9634628493524199,0.17995910020449893,0.8834355828220859,0.9277777777777778,0.9056066802999319,0.4577259475218659,4.358397,26.02,445.6
pad_resnet50,0,0.7914583333333333,0.8138257963304004,0.09522542800627512,0.9753086419753086,0.34806629834254144,0.661687470158925,0.8046647230320699,23.510081,16.92,178.7
pad_resnet50,1,0.8680809930809931,0.9095528455284553,0.14653794037940374,0.9878048780487805,0.5055555555555555,0.746680216802168,0.7296511627906976,23.510081,15.92,1000.0
pad_resnet50,2,0.908019420726603,0.8799931833674166,0.12537150647580092,0.9141104294478528,0.65,0.7820552147239264,0.6180758017492711,23.510081,17.55,652.9
pad_vit_b16,0,0.8775694444444445,0.9263863310824637,0.15114930768706084,0.9629629629629629,0.6408839779005525,0.8019234704317577,0.6443148688046647,85.799425,15.54,155.0
pad_vit_b16,1,0.9198209198209198,0.9176829268292683,0.14859078590785904,0.9085365853658537,0.7722222222222223,0.840379403794038,0.5523255813953488,85.799425,14.34,484.8
pad_vit_b16,2,0.957776661644065,0.9224608043626449,0.14763462849352418,0.8895705521472392,0.8444444444444444,0.8670074982958418,0.5043731778425656,85.799425,14.24,697.7
prior,0,0.5,0.5,0.01999999999999999,1.0,0.0,0.5,1.0,,,
prior,1,0.5,0.5,0.01999999999999999,1.0,0.0,0.5,1.0,,,
prior,2,0.5,0.5,0.01999999999999999,1.0,0.0,0.5,1.0,,,
red_flags_rule,0,0.6829861111111111,0.7397858263419959,0.049122446357445684,1.0,0.0,0.5,1.0,,,
red_flags_rule,1,0.6801655134988468,0.6925813008130081,0.042766439909297044,1.0,0.0,0.5,1.0,,,
red_flags_rule,2,0.735459568056253,0.7600715746421267,0.06201683501683498,1.0,0.0,0.5,1.0,,,
tab_lgbm,0,0.942951388888889,0.9675670145283405,0.17444239819930424,0.9197530864197531,0.8674033149171271,0.8935782006684401,0.5043731778425656,,,
tab_lgbm,1,0.9486161986161986,0.9481029810298103,0.1684349593495935,0.9390243902439024,0.8333333333333334,0.8861788617886179,0.5348837209302325,,,
tab_lgbm,2,0.9684245772643564,0.9491138377641446,0.1764928425357873,0.8773006134969326,0.9055555555555556,0.8914280845262441,0.46647230320699706,,,
tab_logreg,0,0.9457638888888888,0.9669872450719597,0.17471523088465993,0.9135802469135802,0.9116022099447514,0.9125912284291657,0.478134110787172,,,
tab_logreg,1,0.9487179487179488,0.9356029810298102,0.16313685636856365,0.8414634146341463,0.8611111111111112,0.8512872628726287,0.4738372093023256,,,
tab_logreg,2,0.9772643562698811,0.9576005453306068,0.17510565780504425,0.8466257668711656,0.9166666666666666,0.8816462167689161,0.446064139941691,,,
